vehicle_id,owner_type,sale_type,seller_type,price_unit,source_dealer_id,dealer_login_id,member_email,year,make,model,option,body,transmission,state,condition,odometer,color,interior,mmr,sellingprice,status,auction_key,auction_status,auction_start_time,auction_end_time,created_at,updated_at
DEMO-DEALER-CAR-001,DEALER,NORMAL,회사딜러,KRW,1072,demo_dealer_1072,,2022,MINI,Cooper,,해치백,수동,서울특별시,4.0723,14514,검정,검정,14861568.5,13970000,REGISTERED,,,,,2026-01-23T12:00:00+09:00,2026-01-23T12:00:00+09:00
DEMO-DEALER-CAR-002,DEALER,NORMAL,회사딜러,KRW,1074,demo_dealer_1074,,2022,Honda,Accord,"썬루프, 통풍시트, 차체자세제어장치(ESC)",세단,자동,경기도,3.4937,28164,흰색,베이지,14030963.32,13610000,REGISTERED,,,,,2026-02-22T12:00:00+09:00,2026-02-22T12:00:00+09:00
DEMO-DEALER-CAR-003,DEALER,NORMAL,회사딜러,KRW,1058,demo_dealer_1058,,2023,Dodge,Charger,"네비게이션, 열선시트, 차체자세제어장치(ESC), 썬루프, 통풍시트",세단,자동,인천광역시,3.9214,19276,은색,회색,18947201,18760000,REGISTERED,,,,,2026-06-02T12:00:00+09:00,2026-06-02T12:00:00+09:00
DEMO-DEALER-CAR-004,DEALER,NORMAL,회사딜러,KRW,1075,demo_dealer_1075,,2022,Chrysler,200,,세단,자동,부산광역시,3.6729,32018,회색,갈색,11144316.34,11260000,REGISTERED,,,,,2026-02-15T12:00:00+09:00,2026-02-15T12:00:00+09:00
DEMO-DEALER-CAR-005,DEALER,NORMAL,회사딜러,KRW,1056,demo_dealer_1056,,2022,Ford,Focus,"썬루프, 차체자세제어장치(ESC), 네비게이션",해치백,자동,대전광역시,3.4327,63976,파랑,검정,8438785.19,8690000,REGISTERED,,,,,2026-05-30T12:00:00+09:00,2026-05-30T12:00:00+09:00
DEMO-DEALER-CAR-006,DEALER,NORMAL,회사딜러,KRW,1055,demo_dealer_1055,,2022,Scion,tC,"네비게이션, 열선시트, 썬루프, 차체자세제어장치(ESC), 통풍시트",쿠페,자동,대구광역시,3.3395,49454,빨강,베이지,11110575.67,11780000,REGISTERED,,,,,2026-06-06T12:00:00+09:00,2026-06-06T12:00:00+09:00
DEMO-DEALER-CAR-007,DEALER,NORMAL,회사딜러,KRW,1098,demo_dealer_1098,,2019,Chrysler,PT Cruiser,"차체자세제어장치(ESC), 통풍시트, 썬루프",해치백,자동,광주광역시,2.8468,77358,갈색,회색,5014124.42,4710000,REGISTERED,,,,,2026-06-23T12:00:00+09:00,2026-06-23T12:00:00+09:00
DEMO-DEALER-CAR-008,DEALER,NORMAL,회사딜러,KRW,1068,demo_dealer_1068,,2022,Toyota,Camry,"차체자세제어장치(ESC), 통풍시트",세단,자동,울산광역시,4.1198,4952,진주색,갈색,15512457.92,15050000,REGISTERED,,,,,2026-02-08T12:00:00+09:00,2026-02-08T12:00:00+09:00
DEMO-DEALER-CAR-009,DEALER,NORMAL,회사딜러,KRW,1053,demo_dealer_1053,,2016,Chevrolet,Impala,,세단,자동,충청남도,2.4252,129179,검정,검정,3432965.83,3400000,REGISTERED,,,,,2026-05-26T12:00:00+09:00,2026-05-26T12:00:00+09:00
DEMO-DEALER-CAR-010,DEALER,NORMAL,회사딜러,KRW,1086,demo_dealer_1086,,2007,Infiniti,QX4,차체자세제어장치(ESC),SUV,자동,경상남도,2.1387,168353,흰색,베이지,674391.48,680000,REGISTERED,,,,,2026-06-15T12:00:00+09:00,2026-06-15T12:00:00+09:00
DEMO-DEALER-CAR-011,DEALER,NORMAL,회사딜러,KRW,1098,demo_dealer_1098,,2016,Chevrolet,Silverado 1500,"네비게이션, 통풍시트, 차체자세제어장치(ESC), 열선시트, 썬루프",픽업트럭,자동,서울특별시,2.7162,113957,은색,회색,9197968.6,9470000,REGISTERED,,,,,2026-05-14T12:00:00+09:00,2026-06-16T12:00:00+09:00
DEMO-DEALER-CAR-012,DEALER,NORMAL,회사딜러,KRW,1089,demo_dealer_1089,,2022,Honda,Accord,,세단,자동,경기도,3.2272,82196,회색,갈색,10978718.45,11640000,REGISTERED,,,,,2026-06-02T12:00:00+09:00,2026-06-02T12:00:00+09:00
DEMO-DEALER-CAR-013,DEALER,NORMAL,회사딜러,KRW,1084,demo_dealer_1084,,2021,GMC,Acadia,"네비게이션, 통풍시트",SUV,자동,인천광역시,3.8376,62595,파랑,검정,18884815.35,17750000,REGISTERED,,,,,2026-06-21T12:00:00+09:00,2026-06-21T12:00:00+09:00
DEMO-DEALER-CAR-014,DEALER,NORMAL,회사딜러,KRW,1056,demo_dealer_1056,,2019,Chrysler,300,통풍시트,세단,자동,부산광역시,3.3424,61245,빨강,베이지,10721995.44,10400000,REGISTERED,,,,,2026-04-17T12:00:00+09:00,2026-05-20T12:00:00+09:00
DEMO-DEALER-CAR-015,DEALER,NORMAL,회사딜러,KRW,1064,demo_dealer_1064,,2023,Honda,Pilot,,SUV,자동,대전광역시,3.965,39329,갈색,회색,24058434.21,23820000,REGISTERED,,,,,2026-03-13T12:00:00+09:00,2026-03-13T12:00:00+09:00
DEMO-DEALER-CAR-016,DEALER,NORMAL,회사딜러,KRW,1083,demo_dealer_1083,,2013,Toyota,Corolla,"차체자세제어장치(ESC), 네비게이션, 통풍시트, 열선시트",세단,자동,대구광역시,2.2197,258959,진주색,갈색,1657138.1,1670000,REGISTERED,,,,,2026-06-21T12:00:00+09:00,2026-06-21T12:00:00+09:00
DEMO-DEALER-CAR-017,DEALER,NORMAL,회사딜러,KRW,1085,demo_dealer_1085,,2022,BMW,X5,통풍시트,SUV,자동,광주광역시,3.8906,53764,검정,검정,32242340.63,33210000,REGISTERED,,,,,2026-06-21T12:00:00+09:00,2026-06-21T12:00:00+09:00
DEMO-DEALER-CAR-018,DEALER,NORMAL,회사딜러,KRW,1090,demo_dealer_1090,,2025,Cadillac,XTS,"네비게이션, 차체자세제어장치(ESC), 열선시트, 통풍시트",세단,자동,울산광역시,3.696,14426,흰색,베이지,33603729.36,35620000,REGISTERED,,,,,2026-07-06T12:00:00+09:00,2026-07-06T12:00:00+09:00
DEMO-DEALER-CAR-019,DEALER,NORMAL,회사딜러,KRW,1073,demo_dealer_1073,,2015,Chevrolet,Monte Carlo,"통풍시트, 썬루프, 차체자세제어장치(ESC), 네비게이션, 열선시트",쿠페,자동,충청남도,2.5265,98087,은색,회색,3449238.93,3240000,REGISTERED,,,,,2026-02-02T12:00:00+09:00,2026-02-02T12:00:00+09:00
DEMO-DEALER-CAR-020,DEALER,NORMAL,회사딜러,KRW,1095,demo_dealer_1095,,2017,Ford,Explorer Sport Trac,"차체자세제어장치(ESC), 통풍시트, 썬루프",픽업트럭,자동,경상남도,3.2171,90091,회색,갈색,10111879.21,9810000,REGISTERED,,,,,2026-06-22T12:00:00+09:00,2026-06-22T12:00:00+09:00
DEMO-DEALER-CAR-021,DEALER,NORMAL,회사딜러,KRW,1082,demo_dealer_1082,,2021,Mazda,CX-9,"열선시트, 통풍시트, 네비게이션, 썬루프",SUV,자동,서울특별시,3.5086,33348,파랑,검정,17873464.71,17690000,REGISTERED,,,,,2026-06-14T12:00:00+09:00,2026-06-14T12:00:00+09:00
DEMO-DEALER-CAR-022,DEALER,NORMAL,회사딜러,KRW,1087,demo_dealer_1087,,2022,Kia,Sorento,차체자세제어장치(ESC),SUV,자동,경기도,4.2017,13582,빨강,베이지,17200186.34,17370000,REGISTERED,,,,,2026-06-22T12:00:00+09:00,2026-06-22T12:00:00+09:00
DEMO-DEALER-CAR-023,DEALER,NORMAL,회사딜러,KRW,1095,demo_dealer_1095,,2017,Chevrolet,Equinox,"열선시트, 네비게이션, 썬루프, 차체자세제어장치(ESC), 통풍시트",SUV,자동,인천광역시,3.1661,69412,갈색,회색,8151160.75,8400000,REGISTERED,,,,,2026-05-01T12:00:00+09:00,2026-06-11T12:00:00+09:00
DEMO-DEALER-CAR-024,DEALER,NORMAL,회사딜러,KRW,1062,demo_dealer_1062,,2021,Hyundai,Accent,"썬루프, 열선시트, 네비게이션, 차체자세제어장치(ESC), 통풍시트",해치백,자동,부산광역시,3.3869,22692,진주색,갈색,8327865.1,8830000,REGISTERED,,,,,2026-02-01T12:00:00+09:00,2026-02-01T12:00:00+09:00
DEMO-DEALER-CAR-025,DEALER,NORMAL,회사딜러,KRW,1071,demo_dealer_1071,,2020,Cadillac,CTS,"차체자세제어장치(ESC), 통풍시트, 네비게이션, 열선시트, 썬루프",세단,자동,대전광역시,3.7072,52871,검정,검정,15616601.16,14680000,REGISTERED,,,,,2026-01-24T12:00:00+09:00,2026-01-24T12:00:00+09:00
DEMO-DEALER-CAR-026,DEALER,NORMAL,회사딜러,KRW,1082,demo_dealer_1082,,2018,Honda,Civic,,세단,자동,대구광역시,2.6413,128504,흰색,베이지,5460465.33,5300000,REGISTERED,,,,,2026-04-20T12:00:00+09:00,2026-06-08T12:00:00+09:00
DEMO-DEALER-CAR-027,DEALER,NORMAL,회사딜러,KRW,1087,demo_dealer_1087,,2021,Mazda,Mazda3,,해치백,자동,광주광역시,3.4142,33960,은색,회색,10244560.97,10140000,REGISTERED,,,,,2026-04-27T12:00:00+09:00,2026-06-15T12:00:00+09:00
DEMO-DEALER-CAR-028,DEALER,NORMAL,회사딜러,KRW,1092,demo_dealer_1092,,2024,Mercedes-Benz,CLA-Class,"썬루프, 통풍시트, 열선시트",세단,자동,울산광역시,4.2591,13039,회색,갈색,31453495.56,31770000,REGISTERED,,,,,2026-06-22T12:00:00+09:00,2026-06-22T12:00:00+09:00
DEMO-DEALER-CAR-029,DEALER,NORMAL,회사딜러,KRW,1097,demo_dealer_1097,,2013,Honda,CR-V,열선시트,SUV,자동,충청남도,2.6701,185473,파랑,검정,2779523.11,2860000,REGISTERED,,,,,2026-07-11T12:00:00+09:00,2026-07-11T12:00:00+09:00
DEMO-DEALER-CAR-030,DEALER,NORMAL,회사딜러,KRW,1085,demo_dealer_1085,,2021,Infiniti,G Sedan,,세단,자동,경상남도,3.783,28411,빨강,베이지,18994045.79,20130000,REGISTERED,,,,,2026-04-23T12:00:00+09:00,2026-06-11T12:00:00+09:00
DEMO-DEALER-CAR-031,DEALER,NORMAL,회사딜러,KRW,1095,demo_dealer_1095,,2017,Ford,Explorer,"썬루프, 네비게이션, 열선시트, 차체자세제어장치(ESC), 통풍시트",SUV,자동,서울특별시,2.7304,177743,갈색,회색,3729998.02,3510000,REGISTERED,,,,,2026-02-22T12:00:00+09:00,2026-05-28T12:00:00+09:00
DEMO-DEALER-CAR-032,DEALER,NORMAL,회사딜러,KRW,1080,demo_dealer_1080,,2023,Ford,Taurus,"네비게이션, 통풍시트",세단,자동,경기도,3.5899,67923,진주색,갈색,12537202.99,12160000,REGISTERED,,,,,2026-06-23T12:00:00+09:00,2026-06-23T12:00:00+09:00
DEMO-DEALER-CAR-033,DEALER,NORMAL,회사딜러,KRW,1097,demo_dealer_1097,,2024,Toyota,Camry,"열선시트, 차체자세제어장치(ESC), 통풍시트, 썬루프, 네비게이션",세단,자동,인천광역시,4.0762,10815,검정,검정,16555992.65,16390000,REGISTERED,,,,,2026-06-10T12:00:00+09:00,2026-07-06T12:00:00+09:00
DEMO-DEALER-CAR-034,DEALER,NORMAL,회사딜러,KRW,1075,demo_dealer_1075,,2020,Dodge,Journey,,SUV,자동,부산광역시,3.1426,99979,흰색,베이지,7981136.45,8060000,REGISTERED,,,,,2026-01-14T12:00:00+09:00,2026-02-09T12:00:00+09:00
DEMO-DEALER-CAR-035,DEALER,NORMAL,회사딜러,KRW,1054,demo_dealer_1054,,2024,Nissan,Armada,"열선시트, 통풍시트, 썬루프, 네비게이션, 차체자세제어장치(ESC)",SUV,자동,대전광역시,4.0128,15393,은색,회색,26450904.57,27240000,REGISTERED,,,,,2026-05-29T12:00:00+09:00,2026-05-29T12:00:00+09:00
DEMO-DEALER-CAR-036,DEALER,NORMAL,회사딜러,KRW,1091,demo_dealer_1091,,2012,Jaguar,XJ-Series,"열선시트, 차체자세제어장치(ESC), 네비게이션, 썬루프, 통풍시트",세단,자동,대구광역시,2.4517,144720,회색,갈색,2466519.24,2610000,REGISTERED,,,,,2026-06-22T12:00:00+09:00,2026-06-22T12:00:00+09:00
DEMO-DEALER-CAR-037,DEALER,NORMAL,회사딜러,KRW,1069,demo_dealer_1069,,2022,Nissan,Rogue,차체자세제어장치(ESC),SUV,자동,광주광역시,3.8124,31705,파랑,검정,15183705.53,14270000,REGISTERED,,,,,2026-01-17T12:00:00+09:00,2026-01-17T12:00:00+09:00
DEMO-DEALER-CAR-038,DEALER,NORMAL,회사딜러,KRW,1089,demo_dealer_1089,,2022,Chrysler,Town and Country,"네비게이션, 통풍시트, 차체자세제어장치(ESC), 열선시트, 썬루프",밴,자동,울산광역시,3.7088,44265,빨강,베이지,15927900.22,15450000,REGISTERED,,,,,2026-04-27T12:00:00+09:00,2026-05-23T12:00:00+09:00
DEMO-DEALER-CAR-039,DEALER,NORMAL,회사딜러,KRW,1090,demo_dealer_1090,,2019,Infiniti,M35,"차체자세제어장치(ESC), 네비게이션, 열선시트, 썬루프",세단,자동,충청남도,3.1592,101658,갈색,회색,11792381.54,11670000,REGISTERED,,,,,2026-05-30T12:00:00+09:00,2026-06-25T12:00:00+09:00
DEMO-DEALER-CAR-040,DEALER,NORMAL,회사딜러,KRW,1098,demo_dealer_1098,,2018,Chevrolet,Aveo,"통풍시트, 차체자세제어장치(ESC), 네비게이션",해치백,자동,경상남도,2.622,72387,진주색,갈색,5253552.36,5310000,REGISTERED,,,,,2026-02-14T12:00:00+09:00,2026-05-20T12:00:00+09:00
DEMO-DEALER-CAR-041,DEALER,NORMAL,회사딜러,KRW,1069,demo_dealer_1069,,2023,Dodge,Avenger,"네비게이션, 썬루프, 열선시트, 차체자세제어장치(ESC), 통풍시트",세단,자동,서울특별시,3.5829,31394,검정,검정,10904763.11,11230000,REGISTERED,,,,,2025-12-09T12:00:00+09:00,2026-01-12T12:00:00+09:00
DEMO-DEALER-CAR-042,DEALER,NORMAL,회사딜러,KRW,1080,demo_dealer_1080,,2021,Mitsubishi,Lancer,,해치백,자동,경기도,3.219,45812,흰색,베이지,8889447.72,9420000,REGISTERED,,,,,2026-05-14T12:00:00+09:00,2026-06-17T12:00:00+09:00
DEMO-DEALER-CAR-043,DEALER,NORMAL,회사딜러,KRW,1085,demo_dealer_1085,,2010,Mercedes-Benz,E-Class,네비게이션,세단,자동,인천광역시,2.4679,128442,은색,회색,2388342.49,2250000,REGISTERED,,,,,2026-02-09T12:00:00+09:00,2026-06-04T12:00:00+09:00
DEMO-DEALER-CAR-044,DEALER,NORMAL,회사딜러,KRW,1052,demo_dealer_1052,,2022,BMW,X5,"차체자세제어장치(ESC), 썬루프",SUV,자동,부산광역시,4.0096,36157,회색,갈색,35070940.58,34020000,REGISTERED,,,,,2026-06-06T12:00:00+09:00,2026-06-06T12:00:00+09:00
DEMO-DEALER-CAR-045,DEALER,NORMAL,회사딜러,KRW,1092,demo_dealer_1092,,2017,GMC,Sierra 1500 Classic,차체자세제어장치(ESC),픽업트럭,자동,대전광역시,2.909,194385,파랑,검정,8526480.9,8440000,REGISTERED,,,,,2026-05-10T12:00:00+09:00,2026-06-13T12:00:00+09:00
DEMO-DEALER-CAR-046,DEALER,NORMAL,회사딜러,KRW,1052,demo_dealer_1052,,2018,Chevrolet,Express Cargo,"네비게이션, 차체자세제어장치(ESC), 통풍시트",밴,자동,대구광역시,2.3942,171733,빨강,베이지,5021003.25,5070000,REGISTERED,,,,,2026-04-23T12:00:00+09:00,2026-05-27T12:00:00+09:00
DEMO-DEALER-CAR-047,DEALER,NORMAL,회사딜러,KRW,1077,demo_dealer_1077,,2023,Chrysler,200,"차체자세제어장치(ESC), 썬루프, 열선시트, 통풍시트, 네비게이션",세단,자동,광주광역시,4.0054,12882,갈색,회색,13214301.91,13610000,REGISTERED,,,,,2026-03-07T12:00:00+09:00,2026-03-07T12:00:00+09:00
DEMO-DEALER-CAR-048,DEALER,NORMAL,회사딜러,KRW,1089,demo_dealer_1089,,2022,Chevrolet,Cruze,"썬루프, 열선시트, 통풍시트, 네비게이션, 차체자세제어장치(ESC)",세단,자동,울산광역시,3.2444,68649,진주색,갈색,8525962.98,9040000,REGISTERED,,,,,2026-01-16T12:00:00+09:00,2026-05-11T12:00:00+09:00
DEMO-DEALER-CAR-049,DEALER,NORMAL,회사딜러,KRW,1051,demo_dealer_1051,,2022,Nissan,Altima,썬루프,세단,자동,충청남도,3.7944,18735,검정,검정,13236842.27,12440000,REGISTERED,,,,,2026-05-30T12:00:00+09:00,2026-05-30T12:00:00+09:00
DEMO-DEALER-CAR-050,DEALER,NORMAL,회사딜러,KRW,1066,demo_dealer_1066,,2011,BMW,7 Series,차체자세제어장치(ESC),세단,자동,경상남도,2.6036,102789,흰색,베이지,3890234.87,3770000,REGISTERED,,,,,2026-02-20T12:00:00+09:00,2026-02-20T12:00:00+09:00
DEMO-DEALER-CAR-051,DEALER,NORMAL,회사딜러,KRW,1050,demo_dealer_1050,,2015,Buick,LaCrosse,"통풍시트, 열선시트, 차체자세제어장치(ESC), 네비게이션",세단,자동,서울특별시,3.0388,80369,은색,회색,4962722.39,4910000,REGISTERED,,,,,2026-05-30T12:00:00+09:00,2026-05-30T12:00:00+09:00
DEMO-DEALER-CAR-052,DEALER,NORMAL,회사딜러,KRW,1065,demo_dealer_1065,,2011,Honda,Odyssey,,밴,자동,경기도,2.1838,236980,회색,갈색,1175803.64,1190000,REGISTERED,,,,,2026-03-07T12:00:00+09:00,2026-03-07T12:00:00+09:00
DEMO-DEALER-CAR-053,DEALER,NORMAL,회사딜러,KRW,1067,demo_dealer_1067,,2017,Toyota,Yaris,"네비게이션, 열선시트, 썬루프, 통풍시트, 차체자세제어장치(ESC)",해치백,자동,인천광역시,2.7555,116173,파랑,검정,4912856.05,5060000,REGISTERED,,,,,2026-02-15T12:00:00+09:00,2026-02-15T12:00:00+09:00
DEMO-DEALER-CAR-054,DEALER,NORMAL,회사딜러,KRW,1093,demo_dealer_1093,,2018,BMW,3 Series,"네비게이션, 차체자세제어장치(ESC), 열선시트, 통풍시트, 썬루프",세단,자동,부산광역시,3.2737,64792,빨강,베이지,12195861.82,12930000,REGISTERED,,,,,2026-06-15T12:00:00+09:00,2026-06-15T12:00:00+09:00
DEMO-DEALER-CAR-055,DEALER,NORMAL,회사딜러,KRW,1084,demo_dealer_1084,,2015,Nissan,Altima,통풍시트,세단,자동,대전광역시,2.2468,154985,갈색,회색,2868943.68,2700000,REGISTERED,,,,,2026-04-29T12:00:00+09:00,2026-06-10T12:00:00+09:00
DEMO-DEALER-CAR-056,DEALER,NORMAL,회사딜러,KRW,1093,demo_dealer_1093,,2022,Jaguar,XJ,"네비게이션, 열선시트, 차체자세제어장치(ESC), 썬루프, 통풍시트",세단,자동,대구광역시,3.7291,56149,진주색,갈색,35808781.04,34730000,REGISTERED,,,,,2026-04-22T12:00:00+09:00,2026-06-03T12:00:00+09:00
DEMO-DEALER-CAR-057,DEALER,NORMAL,회사딜러,KRW,1097,demo_dealer_1097,,2011,Nissan,Pathfinder,,SUV,자동,광주광역시,2.3489,138007,검정,검정,2344894.39,2320000,REGISTERED,,,,,2026-02-15T12:00:00+09:00,2026-06-10T12:00:00+09:00
DEMO-DEALER-CAR-058,DEALER,NORMAL,회사딜러,KRW,1059,demo_dealer_1059,,2024,Mitsubishi,Mirage,"네비게이션, 썬루프, 열선시트, 통풍시트, 차체자세제어장치(ESC)",해치백,자동,울산광역시,3.8352,22945,흰색,베이지,9388146.4,9480000,REGISTERED,,,,,2026-06-01T12:00:00+09:00,2026-06-01T12:00:00+09:00
DEMO-DEALER-CAR-059,DEALER,NORMAL,회사딜러,KRW,1094,demo_dealer_1094,,2016,Honda,S2000,"열선시트, 통풍시트",쿠페,수동,충청남도,3.0406,72524,은색,회색,14749451.49,15190000,REGISTERED,,,,,2026-06-28T12:00:00+09:00,2026-06-28T12:00:00+09:00
DEMO-DEALER-CAR-060,DEALER,NORMAL,회사딜러,KRW,1078,demo_dealer_1078,,2023,Infiniti,G Sedan,"차체자세제어장치(ESC), 썬루프, 네비게이션",세단,자동,경상남도,4.0005,27290,회색,갈색,21421465.3,22710000,REGISTERED,,,,,2026-03-06T12:00:00+09:00,2026-03-06T12:00:00+09:00
DEMO-DEALER-CAR-061,DEALER,NORMAL,회사딜러,KRW,1063,demo_dealer_1063,,2021,Lexus,ES 350,"통풍시트, 차체자세제어장치(ESC)",세단,자동,서울특별시,3.5746,41768,파랑,검정,18742446.96,17620000,REGISTERED,,,,,2026-01-24T12:00:00+09:00,2026-01-24T12:00:00+09:00
DEMO-DEALER-CAR-062,DEALER,NORMAL,회사딜러,KRW,1064,demo_dealer_1064,,2024,Lexus,ES 350,,세단,자동,경기도,4.1276,20875,빨강,베이지,29309837.46,28430000,REGISTERED,,,,,2026-01-12T12:00:00+09:00,2026-03-03T12:00:00+09:00
DEMO-DEALER-CAR-063,DEALER,NORMAL,회사딜러,KRW,1073,demo_dealer_1073,,2021,Chrysler,Town and Country,차체자세제어장치(ESC),밴,자동,인천광역시,3.4819,55656,갈색,회색,13190197.17,13060000,REGISTERED,,,,,2026-01-03T12:00:00+09:00,2026-01-22T12:00:00+09:00
DEMO-DEALER-CAR-064,DEALER,NORMAL,회사딜러,KRW,1065,demo_dealer_1065,,2020,Jeep,Liberty,"열선시트, 네비게이션, 썬루프, 통풍시트, 차체자세제어장치(ESC)",SUV,자동,부산광역시,3.4055,121872,진주색,갈색,8007773.56,8090000,REGISTERED,,,,,2026-02-04T12:00:00+09:00,2026-02-23T12:00:00+09:00
DEMO-DEALER-CAR-065,DEALER,NORMAL,회사딜러,KRW,1061,demo_dealer_1061,,2021,Honda,CR-V,"통풍시트, 썬루프",SUV,자동,대전광역시,3.676,73154,검정,검정,14544406.41,14980000,REGISTERED,,,,,2026-05-05T12:00:00+09:00,2026-05-05T12:00:00+09:00
DEMO-DEALER-CAR-066,DEALER,NORMAL,회사딜러,KRW,1059,demo_dealer_1059,,2024,Volkswagen,Passat,"썬루프, 열선시트, 차체자세제어장치(ESC)",세단,자동,대구광역시,3.8289,36757,흰색,베이지,14242975.09,15100000,REGISTERED,,,,,2026-04-29T12:00:00+09:00,2026-05-26T12:00:00+09:00
DEMO-DEALER-CAR-067,DEALER,NORMAL,회사딜러,KRW,1066,demo_dealer_1066,,2023,Toyota,Corolla,"열선시트, 차체자세제어장치(ESC), 통풍시트",세단,자동,광주광역시,3.4982,38020,은색,회색,11931725,11220000,REGISTERED,,,,,2026-01-17T12:00:00+09:00,2026-02-13T12:00:00+09:00
DEMO-DEALER-CAR-068,DEALER,NORMAL,회사딜러,KRW,1079,demo_dealer_1079,,2021,Toyota,RAV4,"열선시트, 네비게이션, 차체자세제어장치(ESC), 통풍시트, 썬루프",SUV,자동,울산광역시,3.7125,47033,회색,갈색,15025150.15,14570000,REGISTERED,,,,,2026-02-22T12:00:00+09:00,2026-02-22T12:00:00+09:00
DEMO-DEALER-CAR-069,DEALER,NORMAL,회사딜러,KRW,1052,demo_dealer_1052,,2023,Toyota,Yaris,"차체자세제어장치(ESC), 통풍시트, 썬루프, 열선시트",해치백,자동,충청남도,3.7283,13314,파랑,검정,11095351.69,10980000,REGISTERED,,,,,2026-03-01T12:00:00+09:00,2026-05-14T12:00:00+09:00
DEMO-DEALER-CAR-070,DEALER,NORMAL,회사딜러,KRW,1077,demo_dealer_1077,,2024,Acura,RDX,"네비게이션, 차체자세제어장치(ESC), 썬루프, 통풍시트, 열선시트",SUV,자동,경상남도,4.2859,14888,빨강,베이지,27505584.96,27780000,REGISTERED,,,,,2026-01-29T12:00:00+09:00,2026-02-25T12:00:00+09:00
DEMO-DEALER-CAR-071,DEALER,NORMAL,회사딜러,KRW,1087,demo_dealer_1087,,2022,Toyota,Highlander,"통풍시트, 차체자세제어장치(ESC), 네비게이션, 썬루프, 열선시트",SUV,자동,서울특별시,3.8958,40228,갈색,회색,23588114.62,24300000,REGISTERED,,,,,2026-03-15T12:00:00+09:00,2026-05-28T12:00:00+09:00
DEMO-DEALER-CAR-072,DEALER,NORMAL,회사딜러,KRW,1092,demo_dealer_1092,,2020,Hyundai,Elantra,"통풍시트, 차체자세제어장치(ESC), 네비게이션",해치백,자동,경기도,3.4234,29510,진주색,갈색,8566468.64,9080000,REGISTERED,,,,,2026-03-14T12:00:00+09:00,2026-05-27T12:00:00+09:00
DEMO-DEALER-CAR-073,DEALER,NORMAL,회사딜러,KRW,1096,demo_dealer_1096,,2022,Mazda,CX-9,열선시트,SUV,자동,인천광역시,3.5839,36685,검정,검정,18014506.92,16930000,REGISTERED,,,,,2026-06-22T12:00:00+09:00,2026-06-22T12:00:00+09:00
DEMO-DEALER-CAR-074,DEALER,NORMAL,회사딜러,KRW,1065,demo_dealer_1065,,2019,Dodge,Journey,"네비게이션, 통풍시트, 썬루프, 차체자세제어장치(ESC)",SUV,자동,부산광역시,3.4371,40838,흰색,베이지,11262113.09,10920000,REGISTERED,,,,,2025-11-25T12:00:00+09:00,2026-02-07T12:00:00+09:00
DEMO-DEALER-CAR-075,DEALER,NORMAL,회사딜러,KRW,1088,demo_dealer_1088,,2024,Cadillac,CTS,차체자세제어장치(ESC),세단,자동,대전광역시,4.4239,9419,은색,회색,32563888.57,32240000,REGISTERED,,,,,2026-06-22T12:00:00+09:00,2026-06-22T12:00:00+09:00
DEMO-DEALER-CAR-076,DEALER,NORMAL,회사딜러,KRW,1081,demo_dealer_1081,,2022,Mercedes-Benz,C-Class,차체자세제어장치(ESC),세단,자동,대구광역시,3.6376,23614,회색,갈색,22125624.19,22350000,REGISTERED,,,,,2026-06-22T12:00:00+09:00,2026-06-22T12:00:00+09:00
DEMO-DEALER-CAR-077,DEALER,NORMAL,회사딜러,KRW,1060,demo_dealer_1060,,2023,Audi,A6,"네비게이션, 통풍시트, 썬루프, 차체자세제어장치(ESC)",세단,자동,광주광역시,3.8321,47699,파랑,검정,28218293.46,29060000,REGISTERED,,,,,2026-03-02T12:00:00+09:00,2026-03-02T12:00:00+09:00
DEMO-DEALER-CAR-078,DEALER,NORMAL,회사딜러,KRW,1051,demo_dealer_1051,,2022,Mazda,Mazda6,"통풍시트, 썬루프",세단,자동,울산광역시,3.291,62347,빨강,베이지,9775019.69,10360000,REGISTERED,,,,,2026-04-15T12:00:00+09:00,2026-05-20T12:00:00+09:00
DEMO-DEALER-CAR-079,DEALER,NORMAL,회사딜러,KRW,1062,demo_dealer_1062,,2024,Hyundai,Azera,,세단,자동,충청남도,4.4162,11614,갈색,회색,23650698.78,22230000,REGISTERED,,,,,2025-12-17T12:00:00+09:00,2026-01-21T12:00:00+09:00
DEMO-DEALER-CAR-080,DEALER,NORMAL,회사딜러,KRW,1096,demo_dealer_1096,,2022,Mercedes-Benz,C-Class,"통풍시트, 열선시트, 썬루프, 네비게이션",세단,자동,경상남도,3.6567,42097,진주색,갈색,20636927.24,20020000,REGISTERED,,,,,2026-05-06T12:00:00+09:00,2026-06-10T12:00:00+09:00
DEMO-DEALER-CAR-081,DEALER,NORMAL,회사딜러,KRW,1086,demo_dealer_1086,,2023,Hyundai,Elantra,"차체자세제어장치(ESC), 썬루프, 네비게이션",해치백,자동,서울특별시,3.7117,27764,검정,검정,11848992.63,11730000,REGISTERED,,,,,2026-04-28T12:00:00+09:00,2026-06-10T12:00:00+09:00
DEMO-DEALER-CAR-082,DEALER,NORMAL,회사딜러,KRW,1079,demo_dealer_1079,,2023,Dodge,Dart,"열선시트, 차체자세제어장치(ESC), 네비게이션, 썬루프, 통풍시트",세단,자동,경기도,4.3423,6223,흰색,베이지,12200271.02,12320000,REGISTERED,,,,,2026-01-04T12:00:00+09:00,2026-02-16T12:00:00+09:00
DEMO-DEALER-CAR-083,DEALER,NORMAL,회사딜러,KRW,1081,demo_dealer_1081,,2020,Ford,F-150,"차체자세제어장치(ESC), 네비게이션, 열선시트, 통풍시트, 썬루프",픽업트럭,자동,인천광역시,3.2624,125182,은색,회색,14046319.72,14470000,REGISTERED,,,,,2026-05-03T12:00:00+09:00,2026-06-15T12:00:00+09:00
DEMO-DEALER-CAR-084,DEALER,NORMAL,회사딜러,KRW,1073,demo_dealer_1073,,2018,Ford,Edge,"썬루프, 열선시트, 네비게이션",SUV,자동,부산광역시,3.1726,107269,회색,갈색,8201673.24,8690000,REGISTERED,,,,,2025-10-13T12:00:00+09:00,2026-01-15T12:00:00+09:00
DEMO-DEALER-CAR-085,DEALER,NORMAL,회사딜러,KRW,1055,demo_dealer_1055,,2010,Ford,Explorer,"네비게이션, 썬루프, 통풍시트",SUV,자동,대전광역시,2.2937,140411,파랑,검정,1412548.71,1330000,REGISTERED,,,,,2026-04-15T12:00:00+09:00,2026-05-28T12:00:00+09:00
DEMO-DEALER-CAR-086,DEALER,NORMAL,회사딜러,KRW,1063,demo_dealer_1063,,2018,Mercedes-Benz,E-Class,"통풍시트, 열선시트, 썬루프",세단,자동,대구광역시,3.4233,75588,빨강,베이지,14059459.32,13640000,REGISTERED,,,,,2025-12-02T12:00:00+09:00,2026-01-14T12:00:00+09:00
DEMO-DEALER-CAR-087,DEALER,NORMAL,회사딜러,KRW,1086,demo_dealer_1086,,2018,Ford,Escape,"네비게이션, 통풍시트, 썬루프, 열선시트, 차체자세제어장치(ESC)",SUV,자동,광주광역시,3.0972,98195,갈색,회색,6436923.84,6370000,REGISTERED,,,,,2026-02-20T12:00:00+09:00,2026-05-25T12:00:00+09:00
DEMO-DEALER-CAR-088,DEALER,NORMAL,회사딜러,KRW,1079,demo_dealer_1079,,2012,Chevrolet,TrailBlazer,"네비게이션, 열선시트, 통풍시트",SUV,자동,울산광역시,2.4763,128221,진주색,갈색,1867583.47,1890000,REGISTERED,,,,,2025-10-29T12:00:00+09:00,2026-01-31T12:00:00+09:00
DEMO-DEALER-CAR-089,DEALER,NORMAL,회사딜러,KRW,1060,demo_dealer_1060,,2018,Jeep,Liberty,"썬루프, 네비게이션, 통풍시트, 차체자세제어장치(ESC), 열선시트",SUV,자동,충청남도,3.037,167705,검정,검정,4643775.02,4780000,REGISTERED,,,,,2026-01-05T12:00:00+09:00,2026-02-25T12:00:00+09:00
DEMO-DEALER-CAR-090,DEALER,NORMAL,회사딜러,KRW,1076,demo_dealer_1076,,2024,GMC,Savana Cargo,열선시트,밴,자동,경상남도,4.2618,9536,흰색,베이지,21535317.88,22830000,REGISTERED,,,,,2026-05-25T12:00:00+09:00,2026-05-25T12:00:00+09:00
DEMO-DEALER-CAR-091,DEALER,NORMAL,회사딜러,KRW,1093,demo_dealer_1093,,2023,Nissan,Murano,통풍시트,SUV,자동,서울특별시,4.1118,22260,은색,회색,22045584.15,20720000,REGISTERED,,,,,2026-02-16T12:00:00+09:00,2026-05-21T12:00:00+09:00
DEMO-DEALER-CAR-092,DEALER,NORMAL,회사딜러,KRW,1064,demo_dealer_1064,,2022,Hyundai,Genesis,네비게이션,세단,자동,경기도,3.9092,24216,회색,갈색,19359860.99,18780000,REGISTERED,,,,,2025-11-13T12:00:00+09:00,2026-02-15T12:00:00+09:00
DEMO-DEALER-CAR-093,DEALER,NORMAL,회사딜러,KRW,1099,demo_dealer_1099,,2022,MINI,Cooper Countryman,"네비게이션, 썬루프, 열선시트",SUV,자동,인천광역시,4.0194,38420,파랑,검정,17131576.49,16960000,REGISTERED,,,,,2026-06-21T12:00:00+09:00,2026-06-21T12:00:00+09:00
DEMO-DEALER-CAR-094,DEALER,NORMAL,회사딜러,KRW,1070,demo_dealer_1070,,2024,Nissan,Versa Note,썬루프,해치백,자동,부산광역시,4.023,12313,빨강,베이지,10747879.84,10860000,REGISTERED,,,,,2026-03-02T12:00:00+09:00,2026-03-02T12:00:00+09:00
DEMO-DEALER-CAR-095,DEALER,NORMAL,회사딜러,KRW,1057,demo_dealer_1057,,2008,BMW,5 Series,"썬루프, 통풍시트, 열선시트",세단,자동,대전광역시,2.8371,61210,갈색,회색,3911615.97,4030000,REGISTERED,,,,,2026-06-22T12:00:00+09:00,2026-06-22T12:00:00+09:00
DEMO-DEALER-CAR-096,DEALER,NORMAL,회사딜러,KRW,1072,demo_dealer_1072,,2023,Kia,Sportage,차체자세제어장치(ESC),SUV,자동,대구광역시,3.8327,41297,진주색,갈색,13694312.05,14520000,REGISTERED,,,,,2025-12-22T12:00:00+09:00,2026-01-11T12:00:00+09:00
DEMO-DEALER-CAR-097,DEALER,NORMAL,회사딜러,KRW,1083,demo_dealer_1083,,2021,BMW,3 Series,"네비게이션, 썬루프, 열선시트, 차체자세제어장치(ESC)",세단,자동,광주광역시,3.8046,37196,검정,검정,20416222.17,19190000,REGISTERED,,,,,2026-05-19T12:00:00+09:00,2026-06-16T12:00:00+09:00
DEMO-DEALER-CAR-098,DEALER,NORMAL,회사딜러,KRW,1070,demo_dealer_1070,,2014,Nissan,Murano,"썬루프, 통풍시트, 차체자세제어장치(ESC)",SUV,자동,울산광역시,2.568,155702,흰색,베이지,4198443.25,4070000,REGISTERED,,,,,2026-01-27T12:00:00+09:00,2026-02-24T12:00:00+09:00
DEMO-DEALER-CAR-099,DEALER,NORMAL,회사딜러,KRW,1099,demo_dealer_1099,,2021,BMW,5 Series,"차체자세제어장치(ESC), 네비게이션, 통풍시트, 썬루프",세단,자동,충청남도,4.0373,26328,은색,회색,27458693.31,27180000,REGISTERED,,,,,2026-05-17T12:00:00+09:00,2026-06-14T12:00:00+09:00
DEMO-DEALER-CAR-100,DEALER,NORMAL,회사딜러,KRW,1082,demo_dealer_1082,,2024,Hyundai,Sonata,"네비게이션, 차체자세제어장치(ESC), 통풍시트",세단,자동,경상남도,3.5342,23022,회색,갈색,14694263.65,14840000,REGISTERED,,,,,2026-02-06T12:00:00+09:00,2026-05-11T12:00:00+09:00
DEMO-MEMBER-CAR-001,MEMBER,AUCTION,일반회원,KRW,,,testuser1@naver.com,2024,Hyundai,Sonata,"네비게이션, 차체자세제어장치(ESC), 통풍시트, 후방카메라",세단,자동,부산광역시,3.6864,19422,회색,베이지,15013082.01,12760000,REGISTERED,DEMO-AUCTION-001,ACTIVE,2026-07-27T09:00:00+09:00,2026-07-30T09:00:00+09:00,2026-07-24T13:00:00+09:00,2026-07-24T13:00:00+09:00
DEMO-MEMBER-CAR-002,MEMBER,AUCTION,일반회원,KRW,,,testuser2@naver.com,2022,Kia,Sorento,"차체자세제어장치(ESC), 스마트키",SUV,자동,대전광역시,4.2312,11782,파랑,회색,17210405.32,14970000,REGISTERED,DEMO-AUCTION-002,ACTIVE,2026-07-27T09:10:00+09:00,2026-07-30T09:10:00+09:00,2026-07-24T13:00:00+09:00,2026-07-24T13:00:00+09:00
DEMO-MEMBER-CAR-003,MEMBER,AUCTION,일반회원,KRW,,,testuser3@naver.com,2022,Toyota,Camry,"차체자세제어장치(ESC), 통풍시트, 후방카메라",세단,자동,대구광역시,4.1198,4952,빨강,갈색,15512457.92,13650000,REGISTERED,DEMO-AUCTION-003,ACTIVE,2026-07-27T09:20:00+09:00,2026-07-30T09:20:00+09:00,2026-07-24T13:00:00+09:00,2026-07-24T13:00:00+09:00
DEMO-MEMBER-CAR-004,MEMBER,AUCTION,일반회원,KRW,,,testuser4@naver.com,2022,Honda,Accord,"썬루프, 통풍시트, 차체자세제어장치(ESC), 스마트키",세단,자동,광주광역시,3.4924,29964,갈색,검정,13848457.61,12330000,REGISTERED,DEMO-AUCTION-004,ACTIVE,2026-07-27T09:30:00+09:00,2026-07-30T09:30:00+09:00,2026-07-24T13:00:00+09:00,2026-07-24T13:00:00+09:00
DEMO-MEMBER-CAR-005,MEMBER,AUCTION,일반회원,KRW,,,testuser5@naver.com,2018,BMW,3 Series,"네비게이션, 차체자세제어장치(ESC), 열선시트, 통풍시트, 썬루프",세단,자동,울산광역시,3.2505,68392,진주색,베이지,12226170.01,11000000,REGISTERED,DEMO-AUCTION-005,ACTIVE,2026-07-27T09:40:00+09:00,2026-07-30T09:40:00+09:00,2026-07-24T13:00:00+09:00,2026-07-24T13:00:00+09:00
DEMO-MEMBER-CAR-006,MEMBER,AUCTION,일반회원,KRW,,,testuser6@naver.com,2022,Mercedes-Benz,C-Class,"차체자세제어장치(ESC), 스마트키",세단,자동,충청남도,3.6627,20014,검정,회색,22929014.08,20870000,REGISTERED,DEMO-AUCTION-006,ACTIVE,2026-07-27T09:50:00+09:00,2026-07-30T09:50:00+09:00,2026-07-24T13:00:00+09:00,2026-07-24T13:00:00+09:00
DEMO-MEMBER-CAR-007,MEMBER,AUCTION,일반회원,KRW,,,testuser7@naver.com,2024,Volkswagen,Passat,"썬루프, 열선시트, 차체자세제어장치(ESC), 후방카메라",세단,자동,경상남도,3.8027,34957,흰색,갈색,14293579.91,13150000,REGISTERED,DEMO-AUCTION-007,ACTIVE,2026-07-27T10:00:00+09:00,2026-07-30T10:00:00+09:00,2026-07-24T13:00:00+09:00,2026-07-24T13:00:00+09:00
DEMO-MEMBER-CAR-008,MEMBER,AUCTION,일반회원,KRW,,,testuser8@naver.com,2022,Nissan,Rogue,"차체자세제어장치(ESC), 스마트키",SUV,자동,서울특별시,3.8124,31705,은색,검정,15183705.53,14120000,REGISTERED,DEMO-AUCTION-008,ACTIVE,2026-07-27T10:10:00+09:00,2026-07-30T10:10:00+09:00,2026-07-24T13:00:00+09:00,2026-07-24T13:00:00+09:00
DEMO-MEMBER-CAR-009,MEMBER,AUCTION,일반회원,KRW,,,testuser9@naver.com,2022,Chevrolet,Cruze,"썬루프, 열선시트, 통풍시트, 네비게이션, 차체자세제어장치(ESC)",세단,자동,경기도,3.2632,70449,회색,베이지,8357815.11,7190000,REGISTERED,DEMO-AUCTION-009,ACTIVE,2026-07-27T10:20:00+09:00,2026-07-30T10:20:00+09:00,2026-07-24T13:00:00+09:00,2026-07-24T13:00:00+09:00
DEMO-MEMBER-CAR-010,MEMBER,AUCTION,일반회원,KRW,,,testuser10@naver.com,2018,Ford,Escape,"네비게이션, 통풍시트, 썬루프, 열선시트, 차체자세제어장치(ESC)",SUV,자동,인천광역시,3.0838,101795,파랑,회색,6253811.18,5570000,REGISTERED,DEMO-AUCTION-010,ACTIVE,2026-07-27T10:30:00+09:00,2026-07-30T10:30:00+09:00,2026-07-24T13:00:00+09:00,2026-07-24T13:00:00+09:00
